Mens Threshold Rebound Waterproof Composite Toe Work Boot,144.95,Footwear,2024-03-20 02:06:10.824269+00:00,2024-03-20 02:06:10.824269+00:00
Mens Drawbar Pull-On Work Boot,109.95,Footwear,2024-03-20 02:06:10.824269+00:00,2024-03-20 02:06:10.824269+00:00
Intruder Lightning Mesh Sneaker,119.95,Footwear,2024-03-20 02:06:10.824269+00:00,2024-03-20 02:06:10.824269+00:00
Colorado 2.0 Boot,109.95,Footwear,2024-03-20 02:06:10.824269+00:00,2024-03-20 02:06:10.824269+00:00
Intruder Shoe,109.95,Footwear,2024-03-20 02:06:10.824269+00:00,2024-03-20 02:06:10.824269+00:00
Intruder Waterproof Galosh,129.95,Footwear,2024-03-20 02:06:10.824269+00:00,2024-03-20 02:06:10.824269+00:00
Intruder Beta Shoe,124.95,Footwear,2024-03-20 02:06:10.824269+00:00,2024-03-20 02:06:10.824269+00:00
Intruder Ply Boot,134.95,Footwear,2024-03-20 02:06:10.824269+00:00,2024-03-20 02:06:10.824269+00:00
Cat Footwear x Nigel Cabourn Omaha Boot,194.95,Footwear,2024-03-20 02:06:10.824269+00:00,2024-03-20 02:06:10.824269+00:00
Eco Intruder Shoe,124.95,Footwear,2024-03-20 02:06:10.824269+00:00,2024-03-20 02:06:10.824269+00:00
Mens Essential Rain Jacket,80.00,Clothing,2024-03-20 02:06:10.824269+00:00,2024-03-20 02:06:10.824269+00:00
Mens Trademark Tee,22.00,Clothing,2024-03-20 02:06:10.824269+00:00,2024-03-20 02:06:10.824269+00:00
Mens Hi-Vis Rain Jacket,120.00,Clothing,2024-03-20 02:06:10.824269+00:00,2024-03-20 02:06:10.824269+00:00
Mens Trademark Banner Hoodie,50.00,Clothing,2024-03-20 02:06:10.824269+00:00,2024-03-20 02:06:10.824269+00:00
Mens H2O Defender Pant,90.00,Clothing,2024-03-20 02:06:10.824269+00:00,2024-03-20 02:06:10.824269+00:00
Flag Cap,20.00,Accesories,2024-03-20 02:06:10.824269+00:00,2024-03-20 02:06:10.824269+00:00
Trademark Cuff Beanie,17.00,Accesories,2024-03-20 02:06:10.824269+00:00,2024-03-20 02:06:10.824269+00:00
Mens Hi-Vis Trademark Cap,24.00,Accesories,2024-03-20 02:06:10.824269+00:00,2024-03-20 02:06:10.824269+00:00
Hi-Vis Mesh Cap,30.00,Accesories,2024-03-20 02:06:10.824269+00:00,2024-03-20 02:06:10.824269+00:00
Mens Half Cushion Quarter Sock 3-Pack,10.00,Accesories,2024-03-20 02:06:10.824269+00:00,2024-03-20 02:06:10.824269+00:00